{
    "keep": {
        "days": true,
        "amount": 14
    },
    "auditLog": "src/logger/logs/.99b667aeb343c26b6bd9ee8f0711dbbb1169b9e6-audit.json",
    "files": [
        {
            "date": 1717390948425,
            "name": "src/logger/logs/errors-2024-06-03.log",
            "hash": "8247d8d5e51648a58332d11f556092b6870281f79f9fa6eeb7bd2f1344aa7866"
        },
        {
            "date": 1717473764376,
            "name": "src/logger/logs/errors-2024-06-04.log",
            "hash": "b3be6f9e39391e97f4f8e9916b12b6a91ba5413be1773e211d875bb2c570a18c"
        },
        {
            "date": 1717561992709,
            "name": "src/logger/logs/errors-2024-06-05.log",
            "hash": "132bb72ad36c6cda7d400d1889406fd8dbcfe0e7a9c4094e66902b3c5e1eda27"
        },
        {
            "date": 1717666831653,
            "name": "src/logger/logs/errors-2024-06-06.log",
            "hash": "c7a135e37519be1235998fa1cdc4ce01bf06533948c009a78a1fd702e1b6096a"
        },
        {
            "date": 1717738680939,
            "name": "src/logger/logs/errors-2024-06-07.log",
            "hash": "848726c6226755f74da80c7f7399e62167e0a0edcf4e25408c3447e19195e3c4"
        },
        {
            "date": 1717998190914,
            "name": "src/logger/logs/errors-2024-06-10.log",
            "hash": "fac6f2d55eebae8c6fd2ea8ea390d98575bcd625cbc9569eb1272015210719ce"
        },
        {
            "date": 1718079588103,
            "name": "src/logger/logs/errors-2024-06-11.log",
            "hash": "111714ccef9008d6ff699e2e01fe0e1580c01e237d662388cc37f296d8e3c811"
        },
        {
            "date": 1718272162882,
            "name": "src/logger/logs/errors-2024-06-13.log",
            "hash": "bea160d6d8ed8aa3070c6dbd886a23b3ee7e5542e05ffbcd308a59c1b8666a87"
        },
        {
            "date": 1718346363795,
            "name": "src/logger/logs/errors-2024-06-14.log",
            "hash": "c88dc6bcd78d5f79eb99e7afaca0e89d1b1799e09885139e80caba27c8b09699"
        }
    ],
    "hashType": "sha256"
}