{
    "keep": {
        "days": true,
        "amount": 14
    },
    "auditLog": "src/logger/logs/.e4be8db60a915f0e76b1347b54bd0b57590d8ab6-audit.json",
    "files": [
        {
            "date": 1717390948375,
            "name": "src/logger/logs/all-2024-06-03.log",
            "hash": "d0fd972b18f313bbe106cec4070d89aa9a968ef5bd36821ddbc0ee983fab2ff8"
        },
        {
            "date": 1717473764338,
            "name": "src/logger/logs/all-2024-06-04.log",
            "hash": "3cf915ce326219734db11df29a3a19bded1bd0717b161be7dd81578905881c3e"
        },
        {
            "date": 1717561992702,
            "name": "src/logger/logs/all-2024-06-05.log",
            "hash": "d80b56fd6390cfc67c170cc67a4633306609c553a3e8b7a2daeeee1d39155196"
        },
        {
            "date": 1717666831647,
            "name": "src/logger/logs/all-2024-06-06.log",
            "hash": "faca9c740c36faf38be5309642b8be7f43b0eba9874ec70acb1fddd699a0a9f5"
        },
        {
            "date": 1717738680903,
            "name": "src/logger/logs/all-2024-06-07.log",
            "hash": "3612a915f3b35ce473f7e35db34e32d673d88932903b1c31a7a2cc29160933a3"
        },
        {
            "date": 1717998190898,
            "name": "src/logger/logs/all-2024-06-10.log",
            "hash": "d5ea56be1cf1ead370523258b4a6d8d0238a310afb10ae64d62dfe5f22155162"
        },
        {
            "date": 1718079588097,
            "name": "src/logger/logs/all-2024-06-11.log",
            "hash": "796cde6d79f183f1055045e2e3fdb37d395a9cd3fc11b1cec20cc6a79f3c9f21"
        },
        {
            "date": 1718272162876,
            "name": "src/logger/logs/all-2024-06-13.log",
            "hash": "7324ad6a254f2fafe924dc7f2483058df132188c94ee87c926b773bdcf196a0b"
        },
        {
            "date": 1718346363698,
            "name": "src/logger/logs/all-2024-06-14.log",
            "hash": "e15fd7372e1260c12e3fdc03d69903f94f8aa07185001d2bd2c8bc64170086f8"
        }
    ],
    "hashType": "sha256"
}